INSERT INTO roles ( id, nombre) VALUES (1, "administrador");
INSERT INTO roles ( id, nombre) VALUES (2, "analista");
INSERT INTO roles ( id, nombre) VALUES (3, "huesped");

INSERT INTO usuarios (id, nombre, usuario, email, password, imagen, rol) VALUES (1, "Maximiliano Barrientos", "Maximiliano1204", "maxi_1204@hotmail.com", "$2a$10$oIQo6DWZqjfmcAZyhooldeTq1uVGxlFN6wcO4ndRSDt27/ZzDZ8cO", "usuario-1705135854436.jpeg", 1);
INSERT INTO usuarios (id, nombre, usuario, email, password, imagen, rol) VALUES (2, "Emir Basil", "Emir1234", "emir@gmail.com", "$2a$10$0dUS7TclJmMNsuUBAdSZ7O6ULK1w.Wi.4H0owb28QZYU8J.XlbneC" , "usuario-1705815697161.jpeg", 2);
INSERT INTO usuarios (id, nombre, usuario, email, password, imagen, rol) VALUES (3, "Cristian Falcon", "Cristian1234", "cristian@gmail.com", "$2a$10$0CrS/5Bet/4VT31iD.W/feWSEg4uMGbptQnkAb5MJ7MDVbwdhwdSa" , "usuario-1705816017173.jpeg", 2);
INSERT INTO usuarios (id, nombre, usuario, email, password, imagen, rol) VALUES (4, "Cristian Cacciolatti", "Caccito1234", "caccito@gmail.com", "$2a$10$p0.ezXzioe5vh8vtt2HdhuBSP30lmWYsQqv9v0vmmP10IE1Z6plSW" , "usuario-1705816346839.jpeg", 3);
INSERT INTO usuarios (id, nombre, usuario, email, password, imagen, rol) VALUES (5, "Daniel Fuentes", "Daniel1234", "daniel@gmail.com", "$2a$10$QmlShZmaJ4C3oXEfUGFR9ujwOHfvTh3f7i2A45g4R2ihRVCJ4IJTe" , "usuario-1705816619033.jpeg", 3);
INSERT INTO usuarios (id, nombre, usuario, email, password, imagen, rol) VALUES (6, "Rocio Carle", "Rocio1234", "rocio@gmail.com", "$2a$10$pngsIQZrVbusdQF2kSzHIugcHNbJJkFsCq.nVOjI8sWN5.lrBRTCa" , "usuario-1705816806516.jpeg", 3);

INSERT INTO categorias (id, nombre) VALUES (1, "lomito");
INSERT INTO categorias (id, nombre) VALUES (2, "burguer");
INSERT INTO categorias (id, nombre) VALUES (3, "milas");
INSERT INTO categorias (id, nombre) VALUES (4, "pizza");
INSERT INTO categorias (id, nombre) VALUES (5, "papas");

INSERT INTO productos (id, nombre, ingredientes, categoria, precio, imagen) VALUES (1, "Lomito Simple", "170 gr de bife de lomo, lechuga, tomate, queso Tybo y mayonesa casera", 1, "3300", "product-1703721418212.jpg");
INSERT INTO productos (id, nombre, ingredientes, categoria, precio, imagen) VALUES (2, "Lomito Especial", "170 gr de bife de lomo, lechuga, tomate, queso Tybo, Jamon Cocido, huevo y mayonesa casera", 1, "3500","product-1703720967898.jpg" );
INSERT INTO productos (id, nombre, ingredientes, categoria, precio, imagen) VALUES (3, "Lomito Criollo", "170 gr de bife de lomo, lechuga, tomate, queso Tybo, Jamon Cocido, huevo, salsa criolla y mayonesa casera", 1, "3600","product-1703721316924.jpg" );
INSERT INTO productos (id, nombre, ingredientes, categoria, precio, imagen) VALUES (4, "Lomito al Verdeo", "170 gr de bife de lomo, lechuga, tomate, queso Tybo, Jamon Cocido, huevo, salsa verdeo y mayonesa casera", 1, "3600","product-1703721336411.jpg" );
INSERT INTO productos (id, nombre, ingredientes, categoria, precio, imagen) VALUES (5, "Lomito Cheddar", "170 gr de bife de lomo, lechuga, tomate, queso Cheddar, huevo y mayonesa casera", 1, "3600","product-1703721301906.jpg" );
INSERT INTO productos (id, nombre, ingredientes, categoria, precio, imagen) VALUES (6, "Lomito 4Q", "170gr de bife de lomo, lechuga, tomate, salsa 4q(tybo, muzzarella, roquefort y sardo), huevo y mayonesa casera", 1, "3600","product-1703721351841.jpg");
INSERT INTO productos (id, nombre, ingredientes, categoria, precio, imagen) VALUES (7, "Lomito Rod","170 gr de bife de lomo, lechuga, tomate, queso Cheddar, panceta, cebolla salteada y mayonesa casera" , 1, "3600","product-1703721363291.jpg");
INSERT INTO productos (id, nombre, ingredientes, categoria, precio, imagen) VALUES (8, "Burguer Simple","Medallón de carne vacuna de 150gr, lechuga, tomate, queso tybo y mayonesa casera" , 2, "2200","product-1704565606278.jpg");
INSERT INTO productos (id, nombre, ingredientes, categoria, precio, imagen) VALUES (9, "Burguer Especial","Medallón de carne vacuna de 150gr, lechuga, tomate, queso Tybo, Jamon Cocido, huevo y mayonesa casera" , 2, "2500","product-1704565063640.jpg");
INSERT INTO productos (id, nombre, ingredientes, categoria, precio, imagen) VALUES (10, "Burguer al Verdeo","Medallón de carne vacuna de 150gr, lechuga, tomate, queso Tybo, Jamon Cocido, huevo, salsa verdeo y mayonesa casera" , 2, "2600","product-1704565063640.jpg");
INSERT INTO productos (id, nombre, ingredientes, categoria, precio, imagen) VALUES (11, "Burguer RodMax","2 medallones de carne vacuna de 150gr, queso Cheddar, panceta, cebolla salteada y mayonesa casera" , 2, "3000","product-1704565063640.jpg");
INSERT INTO productos (id, nombre, ingredientes, categoria, precio, imagen) VALUES (12, "Mila simple","Milanesa de carne vacuna, lechuga, tomate y mayonesa casera" , 3, "3200","product-1704565063640.jpg");
INSERT INTO productos (id, nombre, ingredientes, categoria, precio, imagen) VALUES (13, "Mila especial","Milanesa de carne vacuna, lechuga, tomate, queso, jamon cocido, huevo y mayonesa casera" , 3, "3500","product-1704565063640.jpg");
INSERT INTO productos (id, nombre, ingredientes, categoria, precio, imagen) VALUES (14, "Mila Rod","Milanesa de carne vacuna, lechuga, tomate, queso, jamon cocido, huevo, salsa criolla y mayonesa casera" , 3, "3600","product-1704565063640.jpg");
INSERT INTO productos (id, nombre, ingredientes, categoria, precio, imagen) VALUES (15, "Pizza comun","Salsa Filetto, muzzarella, aceitunas" , 4, "4000","product-1704565063640.jpg");
INSERT INTO productos (id, nombre, ingredientes, categoria, precio, imagen) VALUES (16, "Pizza especial","Salsa Filetto, muzzarella, jamon cocido, morron, huevos, aceitunas" , 4, "4500","product-1704565063640.jpg");
INSERT INTO productos (id, nombre, ingredientes, categoria, precio, imagen) VALUES (17, "Pizza napolitana","Salsa Filetto, muzzarella, jamon cocido, tomates, pesto, aceitunas" , 4, "4600","product-1704565063640.jpg");
INSERT INTO productos (id, nombre, ingredientes, categoria, precio, imagen) VALUES (18, "Pizza 3q","Salsa Filetto, muzzarella, roquefort, sardo, aceitunas" , 4, "4600","product-1704565063640.jpg");
INSERT INTO productos (id, nombre, ingredientes, categoria, precio, imagen) VALUES (19, "Pizza fugazzeta","Salsa Filetto, muzzarella, cebolla salteada, aceitunas" , 4, "4500","product-1704565063640.jpg");
INSERT INTO productos (id, nombre, ingredientes, categoria, precio, imagen) VALUES (20, "Pizza calabresa","Salsa Filetto, muzzarella, longaniza, pesto, aceitunas" , 4, "4600","product-1704565063640.jpg");
INSERT INTO productos (id, nombre, ingredientes, categoria, precio, imagen) VALUES (21, "Papas simples","Porcion de papas fritas" , 5, "2000","product-1704565063640.jpg");
INSERT INTO productos (id, nombre, ingredientes, categoria, precio, imagen) VALUES (22, "Papas a Caballo","Porcion de papas fritas con 2 huevos fritos" , 5, "2500","product-1704565063640.jpg");
INSERT INTO productos (id, nombre, ingredientes, categoria, precio, imagen) VALUES (23, "Papas Rod","Porcion de papas fritas con queso Cheddar, panceta y verdeo" , 5, "2500","product-1704565063640.jpg");

INSERT INTO usuariosproductos (usuarioId, productoId) VALUES (1,5);
INSERT INTO usuariosproductos (usuarioId, productoId) VALUES (1,7);
INSERT INTO usuariosproductos (usuarioId, productoId) VALUES (1,15);
INSERT INTO usuariosproductos (usuarioId, productoId) VALUES (2,21);
INSERT INTO usuariosproductos (usuarioId, productoId) VALUES (2,4);
INSERT INTO usuariosproductos (usuarioId, productoId) VALUES (3,17);
INSERT INTO usuariosproductos (usuarioId, productoId) VALUES (3,22);
INSERT INTO usuariosproductos (usuarioId, productoId) VALUES (3,14);
INSERT INTO usuariosproductos (usuarioId, productoId) VALUES (4,13);
INSERT INTO usuariosproductos (usuarioId, productoId) VALUES (4,16);
INSERT INTO usuariosproductos (usuarioId, productoId) VALUES (4,1);
INSERT INTO usuariosproductos (usuarioId, productoId) VALUES (4,5);
INSERT INTO usuariosproductos (usuarioId, productoId) VALUES (4,9);
INSERT INTO usuariosproductos (usuarioId, productoId) VALUES (5,18);
INSERT INTO usuariosproductos (usuarioId, productoId) VALUES (5,19);
INSERT INTO usuariosproductos (usuarioId, productoId) VALUES (5,14);
INSERT INTO usuariosproductos (usuarioId, productoId) VALUES (6,5);
INSERT INTO usuariosproductos (usuarioId, productoId) VALUES (6,12);
INSERT INTO usuariosproductos (usuarioId, productoId) VALUES (6,7);
INSERT INTO usuariosproductos (usuarioId, productoId) VALUES (6,20);